Datetime,tb_h_fore,tb_v_fore,tb_h_aft,tb_v_aft
1/2/2017 9:47,240.38,258.22,238.85,257.47
1/2/2017 12:47,235.33,254,236.37,254.14
1/3/2017 23:48,239.78,258.18,238.9,258.1
1/5/2017 14:36,241.38,258.28,243.66,259.7
1/5/2017 17:35,237.6,257.33,237.84,255.38
1/7/2017 5:00,238.85,256.91,242.77,259.3
1/8/2017 6:59,240.73,257.16,237.19,258.9
1/8/2017 22:47,240.25,258.09,242.13,261.5
1/10/2017 9:47,243.11,256.97,243.61,259.8
1/10/2017 12:47,245.31,259.77,243.1,257.25
1/12/2017 0:12,247.37,260.98,246.24,262.17
1/13/2017 14:36,245.58,259.12,246.33,260.96
1/13/2017 17:35,244.26,261.24,242.8,257.55
1/15/2017 5:00,242.77,261.39,245.68,261.5
1/16/2017 6:59,241.34,259.15,241.77,259.47
1/16/2017 22:47,243.7,258.3,243.2,260.53
1/18/2017 9:47,242.23,258.26,244.07,258.87
1/18/2017 12:47,240.49,258.56,241.6,259.82
1/20/2017 0:12,244.68,261.35,243.7,259.84
1/21/2017 14:36,243.45,260.11,243.66,260.03
1/21/2017 18:00,245.28,262.17,243.1,258.68
1/23/2017 5:00,243.84,259.36,242.74,257.71
1/24/2017 6:59,244.42,260.12,242.17,259.78
1/24/2017 22:47,244.37,257.7,244.72,258.87
1/26/2017 9:47,244.01,258.75,245.3,259.53
1/26/2017 12:47,240.12,256.07,239.3,255.84
1/28/2017 0:12,246.58,258.42,246.29,260.41
1/29/2017 15:00,249.4,261.73,248.75,261.89
1/29/2017 18:00,243.34,259.46,245.97,258.08
1/31/2017 5:00,248.31,261.59,248.74,264.89
2/1/2017 6:59,241.46,259.85,243.05,258.95
2/1/2017 22:47,242.58,256.87,244.19,258.91
2/3/2017 9:47,243.68,261.27,246.37,261.07
2/3/2017 12:47,244.64,259.35,241.42,257.4
2/5/2017 0:12,246.45,260.3,246.01,260.57
2/6/2017 15:00,247.06,260.75,246.44,264.61
2/6/2017 18:00,237.89,254.58,236.39,251.45
2/8/2017 5:00,248.49,263.86,252.89,263.66
2/9/2017 6:59,245.91,259.72,243.04,260.2
2/9/2017 22:47,242.34,257.53,243.86,258.62
2/11/2017 9:47,252.72,262.25,248.05,262.53
2/11/2017 12:47,245.3,258.14,243.78,260.24
2/13/2017 0:12,245.05,260.24,246.17,261.25
2/14/2017 15:00,246.89,262.12,246.34,261.54
2/14/2017 18:00,242.97,259.36,244.15,256.89
2/16/2017 5:00,246.52,262.35,247.71,260.78
2/17/2017 6:59,240.9,256.96,239.84,255.38
2/17/2017 22:47,242.24,256.32,242.06,256.94
2/19/2017 9:47,247.42,261.58,247.19,262.92
2/19/2017 12:47,237.55,253.92,237.27,250.77
2/21/2017 0:12,248.14,260.27,248.57,260.83
2/22/2017 15:00,254.21,264.11,253.97,263.61
2/22/2017 18:00,252.55,262.8,254.58,262.34
2/24/2017 5:00,251.36,264.1,255.54,264.46
2/25/2017 6:59,241.33,256.35,240.48,257.27
2/25/2017 22:47,231.33,250.16,232.75,253.9
2/27/2017 9:47,245.69,261.48,244.16,259.82
2/27/2017 12:47,218.62,242.18,218.11,243.74
3/1/2017 0:12,239.99,258.59,240.65,256.52
3/2/2017 15:00,239.2,258.87,238.38,259.07
3/2/2017 18:00,215.48,238.51,216.83,239.94
3/4/2017 5:00,236.87,255.82,238.38,254.17
3/5/2017 6:59,194.35,228.34,196.66,229.6
3/7/2017 9:47,233.79,255.24,231.03,253.33
3/7/2017 12:47,208.13,233.94,213.29,239.76
3/9/2017 0:12,231.68,254.43,232.69,253.26
3/10/2017 14:36,230.11,250.67,231.66,249.44
3/10/2017 18:00,191.12,218.12,191.65,224.56
3/12/2017 5:00,221.49,242.12,219.99,238.68
3/13/2017 6:59,222.01,242.48,224.82,245.72
3/13/2017 22:47,214.11,236.15,216.18,237.39
3/15/2017 9:47,229.07,250.1,227.75,246.32
3/15/2017 12:47,188.36,216.62,191.5,223.1
3/17/2017 0:12,225.28,249.96,228.15,249.57
3/18/2017 14:36,221.57,240.6,220.9,241.52
3/18/2017 17:35,173.53,209.87,177.19,212.99
3/20/2017 5:00,224.34,250.5,225.7,250.46
3/21/2017 6:59,178.89,214.15,180.04,215.56
3/21/2017 22:47,177.65,211.81,183.12,215.82
3/23/2017 9:47,223.77,247.44,216.23,242.25
3/23/2017 12:47,175.45,212.59,184.01,220.92
3/25/2017 0:12,223.82,248.35,225.21,249.28
3/26/2017 14:36,223.61,249.73,224.26,251.07
3/26/2017 17:35,184.59,214.32,185.68,218.39
3/28/2017 5:00,224.91,250.11,225.24,251.3
3/29/2017 6:59,183.97,218.96,181.49,216.62
3/29/2017 22:47,186.77,221.44,190.92,222.09
3/31/2017 9:47,226.09,251.01,227.38,252.21
3/31/2017 12:47,186.71,224.18,184.32,219.1
4/1/2017 23:48,218.38,246.66,217.08,245.58
4/3/2017 14:36,206.09,232.92,209.08,232.92
4/3/2017 17:35,186.06,218.99,186.53,220.33
4/5/2017 5:00,201.18,232.2,203.66,228.38
4/6/2017 6:59,185.9,222.53,181.99,221.43
4/6/2017 22:47,186.72,222.95,186.56,221.39
4/8/2017 9:47,190.45,221.52,191.4,224.56
4/8/2017 12:47,194.74,227.53,191.27,222.54
4/9/2017 23:48,192.74,220.1,198.84,223.99
4/11/2017 14:36,198.01,222.41,198.21,222.25
4/11/2017 17:35,196.27,224.66,192.18,222.19
4/13/2017 5:00,222.66,245.68,225.96,247.95
4/14/2017 6:59,176.35,214.65,176.83,215.06
4/14/2017 22:47,178.87,216.18,179.33,217.46
4/16/2017 9:47,197.82,222.89,199.72,223.8
4/16/2017 12:47,191.4,220.22,188.9,219.9
4/17/2017 23:48,205.95,231.66,205.77,231.54
4/19/2017 14:36,187.59,220.2,188.01,221.26
4/19/2017 17:35,186.72,222.9,181.22,219.19
4/21/2017 4:35,193.39,221.46,193.79,222.15
4/22/2017 6:36,186.89,222.62,185.02,221.92
4/22/2017 22:24,189.65,223.26,188.54,224.31
4/24/2017 9:47,194.47,227.19,197.24,229.8
4/24/2017 12:47,198.38,231.1,193.77,226.1
4/25/2017 23:48,213.1,235.25,216.3,236.48
4/27/2017 14:36,209.01,231.63,210.68,232.11
4/27/2017 17:35,201.07,226.77,198.78,226.16
4/29/2017 4:35,199.44,227.81,200.58,226.83
4/30/2017 6:36,187.53,221.96,184.67,222.71
4/30/2017 22:24,175.78,213.83,179.37,215.25
5/2/2017 9:47,183.84,217.59,182.38,216.51
5/2/2017 12:47,190.26,221.42,187.76,221.94
5/3/2017 23:48,183.27,216.75,183.53,217.24
5/5/2017 14:36,183.49,218.19,183.78,218.59
5/5/2017 17:35,186.13,220.19,189.49,222.87
5/7/2017 4:35,191.73,221.84,191.59,221.26
5/8/2017 6:36,184.77,221.01,181.76,223.47
5/8/2017 22:24,185.95,224.94,189.83,225.59
5/10/2017 9:24,194.17,228.82,194.04,226.92
5/10/2017 12:23,193.26,229.67,193.99,228.59
5/11/2017 23:48,204.49,234.2,204.25,232.52
5/13/2017 14:36,201.89,231.93,202.56,231.82
5/13/2017 17:35,203.17,234.13,202.82,234.26
5/15/2017 4:35,204.39,234.67,202.75,231.57
5/16/2017 6:36,204.7,236.8,200.42,233.71
5/16/2017 22:24,203.49,235.53,204.58,237.3
5/18/2017 9:24,201.19,229.62,197.65,228.4
5/18/2017 12:23,200.43,234.46,196.79,231.91
5/19/2017 23:48,212.28,240.17,213.72,240.54
5/21/2017 14:36,193.92,229.34,194.98,229.24
5/21/2017 17:12,195.34,233.92,197.29,232.77
5/23/2017 4:35,187.45,222.49,185.78,223.13
5/24/2017 6:36,191.8,231.42,189.39,228.3
5/24/2017 22:24,185.25,219.7,187.94,224.75
5/26/2017 9:24,191.57,223.23,189.65,221.18
5/26/2017 12:23,189.13,223.35,187.86,223.58
5/27/2017 23:24,194.6,227.37,196.9,227.06
5/29/2017 14:12,189.94,222.95,188.61,222.2
5/29/2017 17:12,185.29,223.18,188.73,227.1
5/31/2017 4:35,197.34,229.79,196.05,228.47
6/1/2017 6:36,183.77,218.6,182.36,219.82
6/1/2017 22:24,184.26,219.41,184.53,221.8
6/3/2017 9:24,193.78,224.2,191.43,221.37
6/3/2017 12:23,182.53,216.25,187,220.63
6/4/2017 23:24,178.84,214.29,181.29,214.68
6/6/2017 14:12,182.75,216.71,182.67,215.41
6/6/2017 17:12,188.35,222.33,187.92,222.97
6/8/2017 4:12,191.1,223.66,194.16,223.17
6/9/2017 6:11,186.07,220.89,188.88,221.15
6/9/2017 21:59,178.71,215.4,181.88,220.54
6/11/2017 9:24,189.98,221.6,183.56,219.36
6/11/2017 12:23,188.65,221.75,184.35,220.85
6/12/2017 23:24,189.7,223.45,191.64,221.17
6/14/2017 14:12,191.17,222.85,188.91,220.66
6/14/2017 17:12,182.38,216.68,186.56,221.71
6/16/2017 4:35,186.29,218.25,188.96,219.37
6/17/2017 6:36,190.52,226.77,191.11,225.99
6/17/2017 21:59,186.09,216.36,189.54,222.97
6/19/2017 9:24,198.63,227.48,197.84,223.74
6/19/2017 12:23,191.72,223.4,193.25,227.82
6/20/2017 23:24,190.62,219.96,191.81,219.43
6/22/2017 14:12,195.08,226.45,195.07,225.8
6/22/2017 17:12,201.65,231.9,202.74,233.45
6/24/2017 4:35,203.64,230.9,201.55,233.48
6/25/2017 6:36,201.85,231.89,200.99,231.25
6/25/2017 22:24,205.57,234.96,206.35,235.81
6/27/2017 9:24,212.46,236.93,211.72,234.32
6/27/2017 12:23,209.39,238.17,208.43,236.8
6/28/2017 23:24,204.29,231.58,208.58,232.27
6/30/2017 14:12,208.17,236.2,209.02,235.43
6/30/2017 17:12,212.18,240.3,211.56,240.6
7/2/2017 4:35,221.55,242.74,224.02,245.71
7/3/2017 6:36,226.38,253.38,222.77,250.24
7/3/2017 22:24,200.33,229.34,203.42,233.84
7/5/2017 9:24,207.37,231.97,206.54,230.88
7/5/2017 12:23,199.49,227.46,196.44,224.66
7/6/2017 23:24,207.16,234.08,208.37,233.9
7/8/2017 14:12,218.88,243.58,219.7,242.32
7/8/2017 17:12,211.77,237.64,210.17,236.1
7/10/2017 4:35,213,235.91,214.3,234.66
7/11/2017 6:36,216.94,241.96,214.28,240.43
7/11/2017 22:24,217.95,242.18,220.67,243.37
7/13/2017 9:24,224.22,246.97,222.81,245.43
7/13/2017 12:23,225.49,248.89,225.16,251.99
7/14/2017 23:24,232.22,249.72,231.51,250.56
7/16/2017 14:12,229.35,250.3,229.21,250.14
7/16/2017 17:12,230.32,254.29,233.69,255.3
7/18/2017 4:35,236.43,254.05,237.19,253.42
7/19/2017 6:36,241.28,264.33,240.3,262.52
7/19/2017 22:24,246.09,263.78,245.84,264.57
7/21/2017 9:24,244.54,262.38,243.91,262.09
7/21/2017 12:23,250.57,267.7,247.73,266.51
7/22/2017 23:48,247.73,264.09,248.62,266.4
7/24/2017 14:12,250.38,265.22,250.85,266.58
7/24/2017 17:35,251.35,268.12,249.22,265.77
7/26/2017 4:35,252.89,267.61,253.12,267.78
7/27/2017 6:36,257.04,274.02,253.73,272.75
7/27/2017 22:24,217.15,240.18,218.04,240.37
7/29/2017 12:23,216.3,245.17,216.13,245.91
7/30/2017 23:48,224.74,243.01,226.62,246.11
8/1/2017 14:36,234.73,254.48,232,256.02
8/1/2017 17:35,235.89,254.53,235.54,257.75
8/3/2017 4:35,227.9,249.46,229.25,248.48
8/4/2017 6:36,234.37,257.47,228.33,253.98
8/4/2017 22:24,238.63,262.51,238.19,263.08
8/6/2017 9:24,215.77,240.8,211.33,238.1
8/6/2017 12:23,219.18,243.61,221.6,246.53
8/7/2017 23:48,214.93,239.21,217.45,240.72
8/9/2017 14:36,220.51,244.26,221.64,243.54
8/9/2017 17:35,224.12,248.64,225.27,251.18
8/11/2017 4:35,230.45,250.51,230.53,251.11
8/12/2017 6:36,229.7,251.07,228.22,249.59
8/12/2017 22:24,218.09,245.33,219.38,246
8/14/2017 9:24,230.48,250.31,229.35,249.32
8/14/2017 12:23,233.78,259.77,234.47,259.4
8/15/2017 23:48,239.39,254.05,238.63,257.09
8/17/2017 14:36,243.56,262.54,243.68,261.5
8/17/2017 17:35,238.04,256.68,237.38,259.16
8/19/2017 4:35,234.77,254.54,232.46,255.11
8/20/2017 6:36,237.69,260.1,235.53,257.76
8/20/2017 22:24,205.57,233.17,209.91,234.91
8/22/2017 9:24,210.42,234.65,211.06,232.11
8/22/2017 12:23,202.1,231.34,202.96,233.96
8/23/2017 23:48,210.09,236.37,211.41,234.05
8/25/2017 14:36,210.41,236.61,210.38,234.95
8/25/2017 17:35,211.14,234.71,211.68,239.77
8/27/2017 4:35,210.54,236.28,209.26,235.1
8/28/2017 6:36,212.33,239.5,210.81,239.15
8/28/2017 22:24,199.29,228,201.23,229.92
8/30/2017 9:24,200.92,228.79,202.64,226.52
8/30/2017 12:23,201.52,228.17,202.63,232.75
8/31/2017 23:48,201.56,226.45,201.66,226.13
9/2/2017 14:36,204.61,230.34,205.57,229.87
9/2/2017 17:35,208.41,230.16,211.45,235.45
9/4/2017 4:35,203.24,228.57,204.07,225.93
9/5/2017 6:36,195.43,223.23,192.45,223.92
9/5/2017 22:24,193.79,223.06,194.17,224.72
9/7/2017 9:24,200.88,228.14,199.41,223.89
9/7/2017 12:23,201.58,225.45,200.27,226.22
9/8/2017 23:48,195.87,224.55,199.76,223.52
9/10/2017 14:36,194.03,220.86,194.13,221.22
9/10/2017 17:35,191.44,221.14,193.38,224.79
9/12/2017 4:35,196.75,225.47,198.33,223.03
9/13/2017 6:36,197.86,227.37,198.81,228.16
9/13/2017 22:47,195.21,226.38,199.04,230.76
9/15/2017 9:47,203.55,227.08,196.84,222.27
9/15/2017 12:47,191.31,221.29,196.86,225.73
9/16/2017 23:48,197.18,224.52,195.8,219.71
9/18/2017 14:36,197.32,225.53,198.69,226.02
9/18/2017 17:35,192.41,219.61,198.79,226.19
9/20/2017 4:35,198.78,224.98,197.47,220.62
9/21/2017 6:36,191.05,221.02,190.85,222.44
9/21/2017 22:24,190.92,223.19,194.21,224.84
9/23/2017 9:47,198.66,227.36,194.37,222.52
9/23/2017 12:47,189.94,221.93,195.37,226.95
9/24/2017 23:48,195.52,222.57,192.23,219.96
9/26/2017 14:36,191.33,221,192.7,221.91
9/26/2017 17:35,182.77,216.04,188.23,217.8
9/28/2017 4:35,190.08,217.99,187.4,214.29
9/29/2017 6:36,183.09,214.94,188.28,217.91
9/29/2017 22:24,182.66,213.77,184.77,218.15
10/1/2017 9:47,193.5,220.83,193.01,218.27
10/1/2017 12:47,180.06,213.86,185.38,218.92
10/2/2017 23:48,193.76,215.39,192.05,214.5
10/4/2017 14:36,191.37,217.85,193.71,217.79
10/4/2017 17:35,182.56,213.96,181.16,212.84
10/6/2017 4:35,176.83,209.24,175.67,206.34
10/7/2017 6:36,178.77,215.17,180.05,216.42
10/7/2017 22:24,184.15,217.24,185.47,221.37
10/9/2017 9:47,188.32,217.68,188.39,217.72
10/9/2017 12:47,191.84,220.37,190.07,224.17
10/10/2017 23:48,200.81,221.9,200.5,221.18
10/12/2017 14:36,179.66,210.55,178.68,209.18
10/12/2017 17:35,179.88,211.16,185.38,214.82
10/14/2017 4:35,181.35,210.1,179.79,211.92
10/15/2017 6:36,181.01,212.68,184.47,215.03
10/15/2017 22:24,184.81,213.21,186.48,215.64
10/17/2017 9:47,183.8,213.7,190.37,215.06
10/17/2017 12:47,173.16,208.1,170.89,205.83
10/18/2017 23:48,174.14,207.2,172.02,205
10/20/2017 14:36,177.34,210.66,179.57,209.41
10/20/2017 17:35,173.21,208.35,178.91,212.26
10/22/2017 4:35,191.52,215.32,190.9,212.99
10/23/2017 6:36,183.52,213.58,187.59,214.85
10/23/2017 22:24,173.03,206.21,175.98,209.59
10/25/2017 9:47,171.35,206.97,171.79,206.76
10/25/2017 12:47,169.16,205.17,169.55,206.24
10/26/2017 23:48,184.23,217.15,180.6,211.66
10/28/2017 14:36,180.93,211.49,178.81,211.66
10/28/2017 17:35,169.53,206.05,178,213.21
10/30/2017 4:35,186.77,213.19,186.82,209.77
10/31/2017 6:36,175.13,208.55,179.74,212.1
10/31/2017 22:24,182.4,212,182.2,211.51
11/2/2017 9:47,205.35,230.24,202.02,227.66
11/2/2017 12:47,170.49,207.24,173,209.05
11/3/2017 23:48,203.77,233.21,204.39,231.28
11/5/2017 14:36,211.2,237.03,209.8,238.46
11/5/2017 17:35,172.23,210.19,171.57,206.82
11/7/2017 4:35,212.83,239.17,211.57,236.71
11/8/2017 6:36,173.03,208.46,171.64,208.24
11/8/2017 22:24,175.09,208.7,175.17,212.75
11/10/2017 9:47,184.58,214.59,187.54,218.83
11/10/2017 12:23,173.52,210.83,172.87,210.28
11/11/2017 23:48,205.58,233.79,202.53,230.54
11/13/2017 14:36,217.14,244.74,215.26,247.14
11/13/2017 17:35,172.89,209.85,178.12,214.39
11/15/2017 4:35,214.35,241.05,214.94,239.89
11/16/2017 6:36,176.87,211.86,175.44,213.2
11/16/2017 22:24,176.22,211.26,180.77,215.35
11/18/2017 9:24,202.67,232.39,199.13,230.14
11/18/2017 12:23,176.85,212.38,178.98,215.58
11/19/2017 23:48,208.8,234.09,203.47,231.29
11/21/2017 14:36,213.55,240.5,213.56,240.29
11/21/2017 17:35,177.73,212.38,184.98,218.98
11/23/2017 4:35,216.89,244.58,215.67,243.6
11/24/2017 6:36,196.7,229.12,199.41,231.53
11/24/2017 22:24,191.94,224.82,195.54,227.67
11/26/2017 9:24,221.95,249.82,223.18,248.71
11/26/2017 12:23,191.17,222.26,194.38,227.66
11/27/2017 23:48,223.52,250.88,225.1,248.98
11/29/2017 14:12,223.14,248.73,222.64,249.38
11/29/2017 17:35,202.93,236.18,203.76,235.93
12/1/2017 4:35,224.68,250.21,225.39,250.5
12/2/2017 6:36,202.38,235.18,205.02,235.24
12/2/2017 22:24,206.87,237.64,212.31,239.88
12/4/2017 9:24,227.06,250.39,225.48,252.76
12/4/2017 12:23,208.34,236.71,209.85,239.68
12/5/2017 23:24,226.8,250.43,225.75,253.84
12/7/2017 14:12,223.83,249.02,225.76,251.71
12/7/2017 17:12,204.22,232.4,210.18,241.46
12/9/2017 4:35,228.93,253.45,228.27,252.46
12/10/2017 6:36,207.52,237.72,208.16,238.29
12/10/2017 22:24,208.16,237.23,210.85,240.3
12/12/2017 9:24,227.09,251.85,227.08,250.83
12/12/2017 12:23,203.75,233.09,205.29,236.54
12/13/2017 23:24,228.19,252.5,229.46,250.02
12/15/2017 14:12,227.8,252.56,229.56,252.54
12/15/2017 17:12,217.72,243.21,212.7,241.62
12/17/2017 4:35,230.29,253.47,232.37,253.32
12/18/2017 6:36,220.01,247.64,221.2,248.29
12/18/2017 21:59,224.28,246.06,226.3,249.39
12/20/2017 9:24,231.83,254.11,232.24,252.51
12/20/2017 12:23,222.23,245.97,223.35,249.27
12/21/2017 23:24,230.9,253.23,233.96,255.52
12/23/2017 14:12,233.08,253.85,232.97,255.45
12/23/2017 17:12,226.51,251.36,227.92,252.44
12/25/2017 4:12,234.15,254.34,235.63,253.66
12/26/2017 6:11,226.69,250.63,227.13,248.6
12/26/2017 21:59,227.36,248.66,229.45,250.34
12/28/2017 9:24,234.83,253.57,235.26,257.04
12/28/2017 12:23,228.49,249.46,229.43,251.03
12/29/2017 23:24,235.44,256.27,237.27,255.59
12/31/2017 14:12,237.07,256.65,236.18,255.33
12/31/2017 17:12,234.14,253.53,234.57,253.84
1/2/2018 4:35,236.81,255.44,236.42,257.35
1/3/2018 6:36,235.26,254.42,234.54,253.6
1/3/2018 22:24,237.52,256.1,238.12,255.91
1/5/2018 9:24,237.99,255.62,237.17,257.02
1/5/2018 12:23,235.51,255.41,233.99,255.61
1/6/2018 23:24,243.68,257.32,242.37,259.66
1/8/2018 14:12,241.89,260.17,242.43,258.1
1/8/2018 17:12,238.63,258.61,241.54,257.83
1/10/2018 4:35,241.06,257.08,240.92,256.95
1/11/2018 6:36,239.54,260.08,239.54,258.48
1/11/2018 22:24,241.74,259.77,240.65,258.14
1/13/2018 9:24,240.6,258.54,241.97,258.54
1/13/2018 12:23,239.76,255.39,236.09,257.09
1/14/2018 23:24,241.54,261.19,242.2,257.33
1/16/2018 14:12,243,257.59,241.21,260.64
1/16/2018 17:12,241.81,259.89,238.06,257.17
1/18/2018 4:35,244.49,258.99,242.06,258
1/19/2018 6:36,239.65,258.53,239.32,258.11
1/19/2018 22:24,238.96,255.7,239.89,255.45
1/21/2018 9:24,243.04,256.59,243.64,257.83
1/21/2018 12:23,240.9,259.43,241.4,256.87
1/22/2018 23:48,242.74,258.44,244.15,258.14
1/24/2018 14:12,243.9,259.45,243.75,259.16
1/24/2018 17:12,239.58,254.64,240.74,256.19
1/26/2018 4:35,249.96,260.91,251.69,262.68
1/27/2018 6:36,242.27,258.72,241.89,259.26
1/27/2018 22:24,245.51,262.41,247.27,262.72
1/29/2018 9:24,250,262.64,250.83,264.01
1/29/2018 12:23,234.73,251.92,236.38,255.84
1/30/2018 23:48,244.64,259.04,246.44,259.13
2/1/2018 14:12,243.51,259.66,242.34,260.26
2/1/2018 17:12,232,252.03,233.04,255.86
2/3/2018 4:35,241.28,259.16,240.9,258.85
2/4/2018 6:36,230.01,251.05,231.79,254.13
2/4/2018 22:24,234.85,254.83,237.36,257.02
2/6/2018 9:24,240.04,260.04,244.01,258.29
2/6/2018 12:23,234.74,253,231.97,255.79
2/7/2018 23:48,244.17,259.64,244.89,260.84
2/9/2018 14:36,243.1,259.82,242.43,260.96
2/9/2018 17:35,238.75,254.82,237.05,257.45
2/11/2018 4:35,242.6,258.26,240.59,260.15
2/12/2018 6:36,238.49,255.49,239.48,253.58
2/12/2018 22:24,237.84,256.39,238.17,255.55
2/14/2018 9:24,242.68,261.33,244.92,256.4
2/14/2018 12:23,236.56,251.23,232.42,252.15
2/15/2018 23:48,243.89,259.37,243.12,260.14
2/17/2018 14:36,243.55,259.79,244.68,261.28
2/17/2018 17:35,238.93,253.65,237.5,254.22
2/19/2018 4:35,248.37,262.37,250.05,262.38
2/20/2018 6:36,231.91,255.02,236.55,255.93
2/20/2018 22:24,241,257.88,241.44,260.3
2/22/2018 9:24,242.63,261.46,242.72,260.6
2/22/2018 12:23,228.51,250.79,226.5,252.31
2/23/2018 23:48,240.87,257.48,242.74,258.9
2/25/2018 14:36,241.48,259.57,243.65,259.99
2/25/2018 17:35,226.02,248.28,227.55,247.33
2/27/2018 4:35,243.76,259.63,244.11,259.99
2/28/2018 6:36,230.39,250.51,229.28,251.97
2/28/2018 22:24,225.77,246.64,226.38,247.29
3/2/2018 9:24,239.67,258.87,239.21,259.2
3/2/2018 12:23,221.99,242.32,219.32,241.93
3/3/2018 23:48,237.62,255.4,235.97,257.12
3/5/2018 14:36,241.3,260.83,240.1,260.92
3/5/2018 17:35,216.12,241.7,218.41,241.13
3/7/2018 4:35,241.75,256.86,241.06,258.82
3/8/2018 6:36,220.24,242.33,219.68,244.41
3/8/2018 22:24,216.33,240.63,217.56,242.62
3/10/2018 9:24,236.4,256.75,233.42,256
3/10/2018 12:23,204.34,232.34,203.52,232.04
3/11/2018 23:48,232.47,255.04,231.31,253.93
3/13/2018 14:36,232.12,252.06,233.47,252.55
3/13/2018 17:35,205.25,232.73,209.71,237.11
3/15/2018 4:35,231.52,254.53,232.06,254.71
3/16/2018 6:36,196.59,227.75,197.13,228.62
3/16/2018 22:24,194.86,227.5,197.77,230.18
3/18/2018 9:24,214.66,237.54,209.15,231.61
3/18/2018 12:23,211.93,232.64,218.06,239.02
3/19/2018 23:48,233.9,251.08,232.51,253.63
3/21/2018 14:36,228.22,252.28,231.72,252.26
3/21/2018 17:35,179.81,211.65,182.69,216.36
3/23/2018 4:35,225.86,251.01,225.32,248.11
3/24/2018 6:36,175.09,213.4,177.11,211.45
3/24/2018 22:24,180.25,213.63,184.26,215.98
3/26/2018 9:24,210.79,237.55,205.79,234.39
3/26/2018 12:23,189.28,217.31,188.95,219.83
3/27/2018 23:48,224.79,250.94,224.89,248.9
3/29/2018 14:36,224.19,249.8,225.29,247.64
3/29/2018 17:35,169.87,208.98,175.18,212.02
3/31/2018 4:35,192.94,222.42,194.83,220.57
4/1/2018 6:36,198.35,225.17,197.33,223.9
4/1/2018 22:24,192.1,219.55,191.74,219.59
4/3/2018 9:24,222.74,245.93,221.29,243.9
4/3/2018 12:23,171.29,208.19,171.37,209.89
4/4/2018 23:48,182.47,215.73,180.18,212.34
4/6/2018 14:36,224.79,249.25,224.07,250.23
4/6/2018 17:12,174.93,211.06,176.48,212.82
4/8/2018 4:35,225.1,251.27,226.49,250.91
4/9/2018 6:36,180.25,217.08,176.07,214.75
4/9/2018 22:24,183.86,219.66,183.2,221.07
4/11/2018 9:24,184.24,216.65,185.31,219.04
4/11/2018 12:23,192.95,227.03,188.88,223.23
4/12/2018 23:48,195.29,219.57,194.66,218.67
4/14/2018 14:12,200.57,222.79,200.67,222.34
4/14/2018 17:12,190.94,217.35,191.1,219
4/16/2018 4:35,222.97,245.89,223.61,245
4/17/2018 6:36,173.61,210.95,176.02,212.5
4/17/2018 22:24,175.24,211.37,174.69,213.31
4/19/2018 9:24,181.48,216.08,177.66,212.03
4/19/2018 12:23,178.13,216.14,182.16,218.47
4/20/2018 23:24,178.14,213.48,179.04,215.15
4/22/2018 14:12,181.69,215.84,181.17,216.73
4/22/2018 17:12,181.21,216.9,182.97,218.54
4/24/2018 4:35,182.97,215.15,183.99,213.24
4/25/2018 6:36,176.69,211.79,177.44,212.64
4/25/2018 22:24,172.8,208.73,175.04,212.67
4/27/2018 9:24,177.29,208.71,177.89,209.89
4/27/2018 12:23,185.03,215.2,186.3,216.16
4/28/2018 23:24,186.94,217.36,185.17,216.21
4/30/2018 14:12,200.34,225.1,204.14,225.83
4/30/2018 17:12,169.9,208.72,180.43,214.64
5/2/2018 4:35,180.59,211.67,177.92,206.18
5/3/2018 6:36,177.88,219.63,176.31,217.45
5/3/2018 22:24,177.4,214.6,181.57,217.93
5/5/2018 9:24,206.17,226.44,209.59,229.71
5/5/2018 12:23,187.96,217.36,190.2,218.09
5/6/2018 23:24,177.94,211.33,179.83,208.85
5/8/2018 14:12,170.41,209.15,170.58,208.4
5/8/2018 17:12,171.05,207.4,167.72,207.57
5/10/2018 4:35,169.92,209.22,165.79,202.11
5/11/2018 6:36,164.04,205.36,165.25,205.25
5/11/2018 22:24,170.21,207.41,170.69,209.76
5/13/2018 9:24,180.48,214.9,175.83,208.9
5/13/2018 12:23,179.51,217.93,179.93,219.54
5/14/2018 23:24,178.43,214.31,179.49,212.53
5/16/2018 14:12,186.8,222.37,186.67,221.85
5/16/2018 17:12,186.76,220.32,183.26,218.98
5/18/2018 4:35,182.21,219.79,184.95,219.41
5/19/2018 6:36,189.08,225.95,187.23,223.87
5/19/2018 21:59,177.82,214.14,178.72,217.01
5/21/2018 9:24,186.42,221.26,182.04,216.62
5/21/2018 12:23,181.36,217.26,182.34,215.8
5/22/2018 23:24,179.61,215.97,179.54,213.32
5/24/2018 14:12,177.87,214.77,179.12,214.5
5/24/2018 17:12,182.98,219.87,181.86,216.73
5/26/2018 4:12,171.25,207.77,168.41,203.33
5/27/2018 6:11,167.95,206.53,170.43,209.18
5/27/2018 21:59,173.79,211.78,177.98,214.33
5/29/2018 9:24,178.56,211.63,176.85,211.53
5/29/2018 12:23,174.29,209.63,174.11,210
5/30/2018 23:24,178.13,211.2,179.42,211.19
6/1/2018 14:12,175.69,209.57,176.51,210.5
6/1/2018 17:12,173.48,207.88,180.03,215.47
6/3/2018 4:12,190.16,216.37,179.16,212.41
6/4/2018 6:11,175.69,209.95,176.43,212.33
6/4/2018 21:59,174.62,211.95,177.98,214.45
6/6/2018 9:24,184.05,215.52,181.37,213.46
6/6/2018 12:23,185.52,218.55,183.42,219.51
6/7/2018 23:24,203.28,222.42,203.42,222.24
6/9/2018 14:12,180.27,212.2,179.75,210.71
6/9/2018 17:12,178.73,212.03,183.21,217.51
6/11/2018 4:12,184.32,216.79,185.85,215.47
6/12/2018 6:11,185.7,220.06,183.39,220.87
6/12/2018 21:59,187.1,220.96,188.34,222.36
6/14/2018 9:00,185.71,217.13,185.25,215.32
6/14/2018 12:00,190.83,220.89,185.56,222.38
6/15/2018 23:24,194.64,222.61,196.54,224.98
6/17/2018 14:12,189.78,219.12,188.54,217.59
6/17/2018 17:12,184.18,215.81,185.6,221.6
6/19/2018 4:12,192,221.79,194.42,221.76
6/20/2018 6:11,184.6,220.04,184.59,218.36
6/20/2018 21:59,191.63,223.34,192.95,226.13
6/22/2018 9:00,192.16,222.67,190.5,221.6
6/22/2018 12:00,195.51,223.89,192.42,225.26
6/23/2018 23:24,192.67,220.19,192.36,219.44
6/25/2018 14:12,193.48,221.03,192.85,222.08
6/25/2018 17:12,188.18,215.38,186.55,215.94
6/27/2018 4:12,194.79,220.25,198.59,220.14
6/28/2018 6:11,190.28,220.18,187.79,219.78
6/28/2018 21:59,190.28,223.06,195.94,225.56
6/30/2018 9:00,196.79,223.66,192.18,219.36
6/30/2018 12:00,195.65,224.29,194.31,223.21
7/1/2018 23:00,191.05,217.14,189.27,214.98
7/3/2018 13:48,191.84,219.88,193.96,220.61
7/3/2018 16:47,194.22,218.22,197.23,225.55
7/5/2018 4:12,198.73,223.96,196.11,219.7
7/6/2018 6:11,193.06,223.76,192.42,223.34
7/6/2018 21:59,197.65,224.87,199.81,226.55
7/8/2018 9:00,197.52,221.07,193.59,217.07
7/8/2018 12:00,184.84,214.08,192.23,219.7
7/9/2018 23:00,193.19,218.27,193.2,217.27
7/11/2018 13:48,190.81,219.19,195.24,220.72
7/11/2018 16:47,189.6,221.94,197.53,226.26
7/13/2018 4:12,192.71,220.54,191.36,217.21
7/14/2018 6:11,196.6,225.65,196.74,227.15
7/14/2018 21:59,197.91,227.59,199.09,227.02
7/16/2018 9:00,200.51,225.69,201.76,221
7/16/2018 12:00,198.35,228.67,198.48,228.06
7/17/2018 23:24,203.18,228.49,203.2,227.75
7/19/2018 14:12,208.07,233.47,207.89,232.05
7/19/2018 17:12,203.78,230.28,211.66,236.18
7/21/2018 4:12,204.37,228.35,203.78,226.9
7/22/2018 5:48,201.81,232.23,203.01,232.69
7/22/2018 21:35,204.52,230.24,208.43,234.64
7/24/2018 9:00,206.55,230.03,201.6,226.22
7/24/2018 12:00,201.37,230,200.76,231.5
7/25/2018 23:00,213.31,232.64,210.11,233.31
7/27/2018 13:48,215.99,237.84,218.36,239.75
7/27/2018 16:47,216.55,241.58,216.61,243.54
7/29/2018 4:12,222.97,242.37,219.48,242.72
7/30/2018 6:11,223.6,248.54,221.54,247.8
7/30/2018 21:59,224.26,247.96,224.86,249.56
8/1/2018 9:00,221.9,245.15,222.3,243.37
8/1/2018 12:00,211.82,233.06,211.56,237.6
8/2/2018 23:24,211.28,228.44,206.01,227.46
8/4/2018 14:12,207.97,232.41,208.77,231.71
8/4/2018 17:12,204.9,230.51,203.41,234.89
8/6/2018 4:12,210.3,231.79,208.61,230.46
8/7/2018 6:11,211.5,238.34,207,237.43
8/7/2018 21:59,210.76,236.27,210.89,237.13
8/9/2018 9:00,213.22,235.6,211.93,234.23
8/9/2018 12:00,210.86,234.32,212.57,238.87
8/10/2018 23:24,211.08,232.48,210.86,233.82
8/12/2018 14:12,214.87,237.67,213.7,237.64
8/12/2018 17:12,212.04,236.89,212.61,238.32
8/14/2018 4:12,211.01,231.74,211.64,230.88
8/15/2018 6:11,201.19,230.61,203.52,230.18
8/15/2018 21:59,200.49,228.3,203.58,233.42
8/17/2018 9:00,208.39,230.63,205.45,227.79
8/17/2018 12:00,203.63,232.31,204.43,232.12
8/18/2018 23:24,206.39,232.54,208.36,231.29
8/20/2018 14:12,212.58,236.46,211.83,236.45
8/20/2018 17:12,209.39,236.97,213.21,238.62
8/22/2018 4:12,201.11,225.12,201.56,225.44
8/23/2018 6:11,201.9,230.21,199.41,229.06
8/23/2018 21:59,205.7,230.79,206.57,234.76
8/25/2018 9:24,209.11,231.65,209.09,229.02
8/25/2018 12:00,202.29,228.23,204.25,231.99
8/26/2018 23:24,208.54,231.72,208.01,229.75
8/28/2018 14:12,206.09,229.5,207.51,229.14
8/28/2018 17:12,196.04,226.6,206.64,230.87
8/30/2018 4:12,201.94,227.13,204.07,227.09
8/31/2018 6:11,198.7,228.08,199.17,227.54
8/31/2018 21:59,201.5,226.63,203.95,229.09
9/2/2018 9:24,200.85,225.06,201.05,223.75
9/2/2018 14:47,191.6,219.55,196.67,223.09
9/3/2018 23:24,200.1,222.52,197.21,221.56
9/5/2018 14:12,197.23,222.04,199.75,223.21
9/5/2018 17:12,187.32,216.69,198.33,225.75
9/7/2018 0:00,193.09,213.23,193.64,213.07
9/8/2018 6:11,189.56,221.27,190.85,219.27
9/8/2018 21:59,190.54,222.45,194.73,224.97
9/10/2018 9:24,197.85,223.12,198.72,221.97
9/10/2018 12:23,189.67,221.79,190.54,221.99
9/11/2018 23:24,197.27,221.74,193.15,219.69
9/13/2018 14:12,197.51,220.28,198.96,219.13
9/13/2018 17:12,186.77,215.44,186.11,216.69
9/15/2018 4:12,199.81,220.68,196.49,218.59
9/16/2018 6:11,194.07,217.89,195.58,218.91
9/16/2018 21:59,184.26,215.68,186.88,217.18
9/18/2018 9:24,199.69,222.53,190.38,216.91
9/18/2018 15:59,191.97,218.72,191.05,222.52
9/19/2018 23:24,190.24,214.12,191.26,215.12
9/21/2018 14:12,191.03,216.35,192.32,216.14
9/21/2018 17:12,184.82,215.28,183.09,215.62
9/23/2018 4:12,187.88,213.98,187.38,213.16
9/24/2018 6:11,186.14,219,186.7,219.55
9/24/2018 21:59,189.71,218.41,191.96,221.83
9/26/2018 9:24,190.95,217.13,192,217.54
9/26/2018 12:23,182.92,212.93,189.24,217.17
9/27/2018 23:24,180.03,208.76,178.62,207.69
9/29/2018 14:12,182.82,212.58,183.22,212.43
9/29/2018 17:12,178.56,210.87,181.59,213.58
10/1/2018 4:12,193.57,215.08,188.01,210.54
10/2/2018 6:11,178.88,210.98,179.64,211.02
10/2/2018 21:59,179.86,212.55,183.52,213.53
10/4/2018 9:24,182.26,211.2,176.07,207.71
10/4/2018 12:23,181.14,211.11,186.22,214.33
10/5/2018 23:24,189.51,215.23,188.05,213.6
10/7/2018 14:12,189.1,216.31,190.18,216.27
10/7/2018 17:12,187.7,213.03,192.32,218.5
10/9/2018 4:35,179.05,207.11,180.28,206.77
10/10/2018 6:36,177.47,208,178.19,210.65
10/10/2018 21:59,183.22,211.14,183.51,214.13
10/12/2018 9:24,182.55,211.93,177.75,210.54
10/12/2018 12:23,180.44,211.12,178.7,211.34
10/13/2018 23:24,172.34,205.26,171.25,204.72
10/15/2018 14:12,183.51,210.92,185.83,211.93
10/15/2018 17:12,180.84,210.51,183.28,215.18
10/17/2018 4:35,174.24,205.27,174.01,205.73
10/18/2018 6:36,173.33,208.66,176.23,209.84
10/18/2018 21:59,178.68,208.95,184.33,214.05
10/20/2018 9:24,179.2,210.99,177.6,206.86
10/20/2018 12:23,175.04,208.97,176.25,208.35
10/21/2018 23:24,177.88,209.81,174.77,207.61
10/23/2018 14:12,179.61,210.57,181.07,210.66
10/23/2018 17:12,174.88,206.82,181.04,211.93
10/25/2018 4:35,176.2,209.05,175.68,207.76
10/26/2018 6:36,170.06,207.25,170.29,206.54
10/26/2018 21:59,169.5,206.11,172.7,209.32
10/28/2018 9:24,188.06,214.26,185.52,212.18
10/28/2018 12:23,173.68,207.74,174.86,210.92
10/29/2018 23:24,178.92,211.3,179.43,208.97
10/31/2018 14:12,201.69,229.51,199.16,228.24
10/31/2018 17:12,170.98,205.21,176.65,212.42
11/2/2018 4:35,199.56,226.93,199.71,223.62
11/3/2018 6:36,173.45,209.73,173.5,209.65
11/3/2018 22:24,173.31,211.34,178.92,212.7
11/5/2018 9:24,199.08,221.88,193.09,217.57
11/5/2018 12:23,198.66,220.27,203.75,224.36
11/6/2018 23:24,199.65,225.31,200.11,221.1
11/8/2018 14:12,212.18,233.21,211.29,234.14
11/8/2018 17:12,199,221.76,200.7,223.21
11/10/2018 4:35,210.99,231.57,208.99,233.82
11/11/2018 6:36,179.24,210.42,179.23,211.99
11/11/2018 21:59,181.32,210.27,182.6,213.93
11/13/2018 9:24,199.53,226.38,197.37,225.72
11/13/2018 12:23,179.86,210.88,180.73,214.77
11/14/2018 23:24,186.55,216.74,182.98,212.51
11/16/2018 14:12,192.48,220.62,192.27,220.16
11/16/2018 17:12,180.21,211.05,193,221.07
11/18/2018 4:35,218.69,240.38,215.88,238.14
11/19/2018 6:36,194.1,223.31,197.89,225.95
11/19/2018 22:24,185.06,215.75,190.19,218.91
11/21/2018 9:24,218.14,245.19,220.8,243.75
11/21/2018 12:23,183.15,215.78,191.83,223.05
11/22/2018 23:24,219.44,245.86,219.11,244.14
11/24/2018 14:12,219.7,246.55,219.94,247.23
11/24/2018 17:12,193.38,221.8,202.42,231.61
11/26/2018 4:35,221.75,245.71,220.67,246.36
11/27/2018 6:36,189.72,221.93,191.86,224.25
11/29/2018 9:24,170.34,196.39,169.42,195.41
11/29/2018 12:23,183.82,216.64,191.98,226.2
11/30/2018 23:24,222.4,247.42,219.6,245.42
12/2/2018 14:12,223.7,249.08,222.94,248.58
12/2/2018 17:12,195.86,226,205.76,235.14
12/4/2018 4:35,224.98,248.27,224.38,247.62
12/5/2018 6:11,207.77,238.52,210.32,239.19
12/5/2018 21:59,212.67,241.03,215.31,242.37
12/7/2018 9:24,225.85,247.76,224.15,249.19
12/7/2018 12:23,209.77,238.09,211.69,241.91
12/8/2018 23:24,224.69,250.42,225.75,251.2
12/10/2018 14:12,225.95,251.11,227.54,250.37
12/10/2018 17:12,211.81,237.17,218.04,244
12/12/2018 4:12,229.68,251.81,228.98,249.34
12/13/2018 21:59,215.42,243.55,218.22,246.56
12/15/2018 9:24,226.18,251.11,228.03,250.48
12/15/2018 12:23,219,242.78,221.27,246.88
12/16/2018 23:24,228.3,250.4,228.39,250.74
12/18/2018 14:12,229.72,252,229.07,252.7
12/18/2018 17:12,216.63,245.46,220.97,246.67
12/20/2018 4:12,96.5,132.11,111.65,146.16
12/21/2018 6:11,217.57,242.47,217.85,244.65
12/21/2018 21:59,218.22,244.41,222.1,246.54
12/23/2018 9:24,230.63,253.06,229.35,250.47
12/23/2018 12:23,221.34,246.35,224.88,249.58
12/24/2018 23:24,230.4,252.96,231.26,251.44
12/26/2018 14:12,230.11,250.91,230.41,252.38
12/26/2018 17:12,226.03,247.02,226.61,249.4
12/28/2018 4:12,231.93,252.04,234.25,253.71
12/29/2018 6:11,231.47,251.55,230.27,252.53
12/29/2018 21:59,232.68,250.95,233.35,252.11
12/31/2018 9:24,232.91,253.04,232.98,253.36
12/31/2018 12:23,229.29,252.17,229.42,251.4
